<?xml version="1.0"?>
  <describe zoomD="100" zoomN="100" modelX="2" modelY="1" modelType="FALSE">
    <FileVersion>1.0</FileVersion>
    <brick name="TWIDO1">
      <base ref="TWDLCAA24DRF" xpos="223" ypos="239" label="Mi Twido">
      </base>
      <leftModuleList>
      </leftModuleList>
      <expansionList>
      </expansionList>
      <optionList>
        <option ref="TWDXCPRTC" nmbr="1">
          <portList>
          </portList>
        </option>
      </optionList>
      <portList>
        <port nmbr="1">
          <address>1</address>
          <protocol>MODBUS</protocol>
          <IsModBusMaster>0</IsModBusMaster>
        </port>
      </portList>
    </brick>
    <networkElementList>
    </networkElementList>
    <networkList>
    </networkList>
    <postItList>
    </postItList>
  </describe>


