<?xml version="1.0"?>
  <describe>
    <FileVersion>1.0</FileVersion>
    <brick name="TWIDO1">
      <base ref="TWDLCAA24DRF" label="Mi Twido" OnlineConf="4">
      </base>
      <leftModuleList>
      </leftModuleList>
      <expansionList>
      </expansionList>
      <optionList>
        <option ref="TWDXCPRTC" nmbr="1" OnlineConf="4">
          <portList>
          </portList>
        </option>
      </optionList>
      <portList>
        <port nmbr="1" OnlineConf="4">
          <address>1</address>
          <protocol>MODBUS</protocol>
          <IsModBusMaster>0</IsModBusMaster>
        </port>
      </portList>
    </brick>
    <networkElementList>
    </networkElementList>
    <networkList>
    </networkList>
    <postItList>
    </postItList>
  </describe>


